{"chrome://browser/content/browser.xul":{"navigator-toolbox":{"iconsize":"small"},"titlebar-placeholder-on-menubar-for-caption-buttons":{"width":"138"},"titlebar-placeholder-on-TabsToolbar-for-captions-buttons":{"width":"138"},"main-window":{"screenX":"27","screenY":"64","width":"1050","height":"901","sizemode":"normal"},"sidebar-title":{"value":""}},"chrome://pippki/content/certManager.xul":{"certcol":{"ordinal":"1"},"tokencol":{"ordinal":"3"},"sitecol":{"ordinal":"3"},"lifetimecol":{"ordinal":"5"},"expiredcol":{"ordinal":"9"},"serialnumcol":{"ordinal":"5"},"issuedcol":{"ordinal":"7"},"certmanagertabs":{"selectedIndex":"3"}}}